{"name":"template","slug":"template","count":1,"postlist":[{"title":"Hello World","uid":"b9663f58f18133b35bfe243f3e916a80","slug":"hello-world","date":"2023-05-11T00:19:00.000Z","updated":"2023-05-11T12:44:16.971Z","comments":true,"path":"api/articles/hello-world.json","keywords":null,"cover":"/img/hello-world/hello-world.jpg","text":" Welcome to Hexo! This is your very first post. Check documentation for more info. If you get any problems when using Hexo, you can find the...","link":"","photos":[],"count_time":{"symbolsCount":"1.7k","symbolsTime":"2 mins."},"categories":[{"name":"文章模板","slug":"文章模板","count":1,"path":"api/categories/文章模板.json"}],"tags":[{"name":"template","slug":"template","count":1,"path":"api/tags/template.json"}],"author":{"name":"倪传方","slug":"blog-author","avatar":"/img/site/avatar.jpg","link":"/","description":"一位正在重塑知识的技术人 <br /> @ <b>微信：ncf08209270</b>","socials":{"github":"https://github.com/nichuanfang","twitter":"https://twitter.com/jayzhouzj","stackoverflow":"https://stackoverflow.com/users/12083298/jaychou","wechat":"","qq":"","weibo":"","zhihu":"https://www.zhihu.com/people/ba-dao-yi-shan-zhu","csdn":"https://blog.csdn.net/Saphroth","juejin":"https://juejin.cn/user/2740456686366830","customs":{}}},"feature":true}]}