{"name":"可重入锁","slug":"可重入锁","count":1,"postlist":[{"title":"可重入锁ReentrantLock高级特性","uid":"2e5004b8a8ff49317aa7f3e9b71f74cf","slug":"reentrant-lock","date":"2023-05-07T23:05:39.000Z","updated":"2023-05-11T12:44:16.971Z","comments":true,"path":"api/articles/reentrant-lock.json","keywords":null,"cover":"/img/reentrant-lock/reentrant-lock.jpg","text":"ReentrantLock提供了Synchronized不具备的三个高级特性 公平锁 &#x2F;** * Creates an instance of &#123;@code ReentrantLock&#125;. * This is equivalent to using ...","link":"","photos":[],"count_time":{"symbolsCount":"3.7k","symbolsTime":"3 mins."},"categories":[{"name":"可重入锁","slug":"可重入锁","count":1,"path":"api/categories/可重入锁.json"}],"tags":[{"name":"ReentrantLock","slug":"ReentrantLock","count":1,"path":"api/tags/ReentrantLock.json"}],"author":{"name":"倪传方","slug":"blog-author","avatar":"/img/site/avatar.jpg","link":"/","description":"一位正在重塑知识的技术人 <br /> @ <b>微信：ncf08209270</b>","socials":{"github":"https://github.com/nichuanfang","twitter":"https://twitter.com/jayzhouzj","stackoverflow":"https://stackoverflow.com/users/12083298/jaychou","wechat":"","qq":"","weibo":"","zhihu":"https://www.zhihu.com/people/ba-dao-yi-shan-zhu","csdn":"https://blog.csdn.net/Saphroth","juejin":"https://juejin.cn/user/2740456686366830","customs":{}}},"feature":true}]}