{"name":"简历","slug":"简历","count":1,"postlist":[{"title":"个人简历","uid":"1269f6284fcda69dd94df081174c6509","slug":"resume","date":"2023-05-09T23:18:05.000Z","updated":"2023-05-11T12:44:16.971Z","comments":true,"path":"api/articles/resume.json","keywords":null,"cover":"/img/resume.png","text":"欢迎使用在线 Vditor Markdown 编辑器vditor 是一款浏览器端的 Markdown 编辑器，支持所见即所得、即时渲染（类似 Typora）和分屏预览模式。它使用 TypeScript 实现，支持原生 JavaScript、Vue、React 和 Angular。...","link":"","photos":[],"count_time":{"symbolsCount":"4.8k","symbolsTime":"4 mins."},"categories":[{"name":"简历","slug":"简历","count":1,"path":"api/categories/简历.json"}],"tags":[{"name":"resume","slug":"resume","count":1,"path":"api/tags/resume.json"}],"author":{"name":"倪传方","slug":"blog-author","avatar":"/img/site/avatar.jpg","link":"/","description":"一位正在重塑知识的技术人 <br /> @ <b>微信：ncf08209270</b>","socials":{"github":"https://github.com/nichuanfang","twitter":"https://twitter.com/jayzhouzj","stackoverflow":"https://stackoverflow.com/users/12083298/jaychou","wechat":"","qq":"","weibo":"","zhihu":"https://www.zhihu.com/people/ba-dao-yi-shan-zhu","csdn":"https://blog.csdn.net/Saphroth","juejin":"https://juejin.cn/user/2740456686366830","customs":{}}},"feature":true}]}