{"title":"Hello World","uid":"b9663f58f18133b35bfe243f3e916a80","slug":"hello-world","date":"2023-05-11T00:19:00.000Z","updated":"2023-05-11T12:44:16.971Z","comments":true,"path":"api/articles/hello-world.json","keywords":null,"cover":"/img/hello-world/hello-world.jpg","content":"<hr>\n<p>Welcome to <a href=\"https://hexo.io/\">Hexo</a>! This is your very first post. Check <a href=\"https://hexo.io/docs/\">documentation</a> for more info. If you get any problems when using Hexo, you can find the answer in <a href=\"https://hexo.io/docs/troubleshooting.html\">troubleshooting</a> or you can ask me on <a href=\"https://github.com/hexojs/hexo/issues\">GitHub</a>.</p>\n<h2 id=\"1-快速开始\"><a href=\"#1-快速开始\" class=\"headerlink\" title=\"1. 快速开始\"></a>1. 快速开始</h2><h3 id=\"创建新文档\"><a href=\"#创建新文档\" class=\"headerlink\" title=\"创建新文档\"></a>创建新文档</h3><pre class=\"line-numbers language-bash\" data-language=\"bash\"><code class=\"language-bash\">hexo new &quot;My New Post&quot;</code></pre>\n\n<p>More info: <a href=\"https://hexo.io/docs/writing.html\">Writing</a></p>\n<h3 id=\"启动本地服务\"><a href=\"#启动本地服务\" class=\"headerlink\" title=\"启动本地服务\"></a>启动本地服务</h3><pre class=\"line-numbers language-bash\" data-language=\"bash\"><code class=\"language-bash\">hexo server</code></pre>\n\n<p>More info: <a href=\"https://hexo.io/docs/server.html\">Server</a></p>\n<h3 id=\"构建静态文件\"><a href=\"#构建静态文件\" class=\"headerlink\" title=\"构建静态文件\"></a>构建静态文件</h3><pre class=\"line-numbers language-bash\" data-language=\"bash\"><code class=\"language-bash\">hexo generate</code></pre>\n\n<p>More info: <a href=\"https://hexo.io/docs/generating.html\">Generating</a></p>\n<h3 id=\"部署\"><a href=\"#部署\" class=\"headerlink\" title=\"部署\"></a>部署</h3><pre class=\"line-numbers language-bash\" data-language=\"bash\"><code class=\"language-bash\">hexo deploy</code></pre>\n\n<p>More info: <a href=\"https://hexo.io/docs/one-command-deployment.html\">Deployment</a></p>\n<h2 id=\"2-Markdown自定义容器\"><a href=\"#2-Markdown自定义容器\" class=\"headerlink\" title=\"2. Markdown自定义容器\"></a>2. Markdown自定义容器</h2><p>所有的自定义容器都使用这种格式:</p>\n<pre class=\"line-numbers language-markdown\" data-language=\"markdown\"><code class=\"language-markdown\">:::[type] [title]\n文本内容\n:::</code></pre>\n\n<ul>\n<li><code>type</code> 是容器的类型</li>\n<li><code>title</code> 是可选的,可以用来重命名容器的标题</li>\n</ul>\n<h3 id=\"Tip容器\"><a href=\"#Tip容器\" class=\"headerlink\" title=\"Tip容器\"></a>Tip容器</h3><pre class=\"line-numbers language-markdown\" data-language=\"markdown\"><code class=\"language-markdown\">:::tip\nNormal Tips Container\n:::</code></pre>\n\n<p><img src=\"/img/hello-world/tip.png\" alt=\"alt\"></p>\n<p>如果你不想使用默认的标题TIP，你可以使用以下方法重命名你的容器标题:</p>\n<pre class=\"line-numbers language-markdown\" data-language=\"markdown\"><code class=\"language-markdown\">:::tip Custom header\n\nCustom header\n\n- tips content\n- tips new line\n\n:::</code></pre>\n\n<p><img src=\"/img/hello-world/tip-rename.png\" alt=\"alt\"></p>\n<h3 id=\"Warning-容器\"><a href=\"#Warning-容器\" class=\"headerlink\" title=\"Warning 容器\"></a>Warning 容器</h3><pre class=\"line-numbers language-markdown\" data-language=\"markdown\"><code class=\"language-markdown\">:::warning\nWarning!!!\n:::</code></pre>\n\n<p><img src=\"/img/hello-world/warning.png\" alt=\"alt\"></p>\n<h3 id=\"Danger-容器\"><a href=\"#Danger-容器\" class=\"headerlink\" title=\"Danger 容器\"></a>Danger 容器</h3><pre class=\"line-numbers language-markdown\" data-language=\"markdown\"><code class=\"language-markdown\">:::danger\nDanger!!!\n:::</code></pre>\n\n<p><img src=\"/img/hello-world/danger.png\" alt=\"alt\"></p>\n<h3 id=\"Details-容器\"><a href=\"#Details-容器\" class=\"headerlink\" title=\"Details 容器\"></a>Details 容器</h3><p>这是一种特殊类型的容器。如果你看过 GitHub 中的 details 容器，你可能会猜出它的功能是什么。</p>\n<p>是的，您可以隐藏某些内容，并单击来展开它。</p>\n<pre class=\"line-numbers language-markdown\" data-language=\"markdown\"><code class=\"language-markdown\">:::details Click to see more\n\nFusce rutrum venenatis eros in hendrerit. Pellentesque habitant morbi tristique senectus et netus et malesuada fames ac turpis egestas. Nullam eget risus egestas, aliquet ipsum sed, volutpat tortor. Proin finibus tortor ac mauris finibus rutrum. Nullam tincidunt arcu eu urna ullamcorper, eu ultricies turpis ornare. Morbi id sollicitudin orci. Proin lobortis vehicula nibh a ornare. Cras sodales eu ligula quis fermentum. Proin eu ultrices leo, quis iaculis justo. Sed dictum, nulla sit amet imperdiet commodo, libero sapien semper justo, ut lobortis elit nunc vitae ante. Nullam lobortis odio quam, ac condimentum elit posuere vitae. Sed ornare, odio et rutrum varius, lorem eros gravida urna, in pharetra sapien justo non magna.\n\n- details content\n- details new line\n\n&#96;console.log(&#39;hello world&#39;)&#96;\n\n:::\n</code></pre>\n\n<p><strong>关闭状态:</strong></p>\n<p><img src=\"/img/hello-world/detail.png\" alt=\"alt\"></p>\n<p><strong>展开状态:</strong></p>\n<p><img src=\"/img/hello-world/detail-opened.png\" alt=\"alt\"></p>\n","feature":true,"text":" Welcome to Hexo! This is your very first post. Check documentation for more info. If you get any problems when using Hexo, you can find the...","link":"","photos":[],"count_time":{"symbolsCount":"1.7k","symbolsTime":"2 mins."},"categories":[{"name":"文章模板","slug":"文章模板","count":1,"path":"api/categories/文章模板.json"}],"tags":[{"name":"template","slug":"template","count":1,"path":"api/tags/template.json"}],"toc":"<ol class=\"toc\"><li class=\"toc-item toc-level-2\"><a class=\"toc-link\" href=\"#1-%E5%BF%AB%E9%80%9F%E5%BC%80%E5%A7%8B\"><span class=\"toc-text\">1. 快速开始</span></a><ol class=\"toc-child\"><li class=\"toc-item toc-level-3\"><a class=\"toc-link\" href=\"#%E5%88%9B%E5%BB%BA%E6%96%B0%E6%96%87%E6%A1%A3\"><span class=\"toc-text\">创建新文档</span></a></li><li class=\"toc-item toc-level-3\"><a class=\"toc-link\" href=\"#%E5%90%AF%E5%8A%A8%E6%9C%AC%E5%9C%B0%E6%9C%8D%E5%8A%A1\"><span class=\"toc-text\">启动本地服务</span></a></li><li class=\"toc-item toc-level-3\"><a class=\"toc-link\" href=\"#%E6%9E%84%E5%BB%BA%E9%9D%99%E6%80%81%E6%96%87%E4%BB%B6\"><span class=\"toc-text\">构建静态文件</span></a></li><li class=\"toc-item toc-level-3\"><a class=\"toc-link\" href=\"#%E9%83%A8%E7%BD%B2\"><span class=\"toc-text\">部署</span></a></li></ol></li><li class=\"toc-item toc-level-2\"><a class=\"toc-link\" href=\"#2-Markdown%E8%87%AA%E5%AE%9A%E4%B9%89%E5%AE%B9%E5%99%A8\"><span class=\"toc-text\">2. Markdown自定义容器</span></a><ol class=\"toc-child\"><li class=\"toc-item toc-level-3\"><a class=\"toc-link\" href=\"#Tip%E5%AE%B9%E5%99%A8\"><span class=\"toc-text\">Tip容器</span></a></li><li class=\"toc-item toc-level-3\"><a class=\"toc-link\" href=\"#Warning-%E5%AE%B9%E5%99%A8\"><span class=\"toc-text\">Warning 容器</span></a></li><li class=\"toc-item toc-level-3\"><a class=\"toc-link\" href=\"#Danger-%E5%AE%B9%E5%99%A8\"><span class=\"toc-text\">Danger 容器</span></a></li><li class=\"toc-item toc-level-3\"><a class=\"toc-link\" href=\"#Details-%E5%AE%B9%E5%99%A8\"><span class=\"toc-text\">Details 容器</span></a></li></ol></li></ol>","author":{"name":"倪传方","slug":"blog-author","avatar":"/img/site/avatar.jpg","link":"/","description":"一位正在重塑知识的技术人 <br /> @ <b>微信：ncf08209270</b>","socials":{"github":"https://github.com/nichuanfang","twitter":"https://twitter.com/jayzhouzj","stackoverflow":"https://stackoverflow.com/users/12083298/jaychou","wechat":"","qq":"","weibo":"","zhihu":"https://www.zhihu.com/people/ba-dao-yi-shan-zhu","csdn":"https://blog.csdn.net/Saphroth","juejin":"https://juejin.cn/user/2740456686366830","customs":{}}},"mapped":true,"prev_post":{},"next_post":{"title":"个人简历","uid":"1269f6284fcda69dd94df081174c6509","slug":"resume","date":"2023-05-09T23:18:05.000Z","updated":"2023-05-11T12:44:16.971Z","comments":true,"path":"api/articles/resume.json","keywords":null,"cover":"/img/resume.png","text":"欢迎使用在线 Vditor Markdown 编辑器vditor 是一款浏览器端的 Markdown 编辑器，支持所见即所得、即时渲染（类似 Typora）和分屏预览模式。它使用 TypeScript 实现，支持原生 JavaScript、Vue、React 和 Angular。...","link":"","photos":[],"count_time":{"symbolsCount":"4.8k","symbolsTime":"4 mins."},"categories":[{"name":"简历","slug":"简历","count":1,"path":"api/categories/简历.json"}],"tags":[{"name":"resume","slug":"resume","count":1,"path":"api/tags/resume.json"}],"author":{"name":"倪传方","slug":"blog-author","avatar":"/img/site/avatar.jpg","link":"/","description":"一位正在重塑知识的技术人 <br /> @ <b>微信：ncf08209270</b>","socials":{"github":"https://github.com/nichuanfang","twitter":"https://twitter.com/jayzhouzj","stackoverflow":"https://stackoverflow.com/users/12083298/jaychou","wechat":"","qq":"","weibo":"","zhihu":"https://www.zhihu.com/people/ba-dao-yi-shan-zhu","csdn":"https://blog.csdn.net/Saphroth","juejin":"https://juejin.cn/user/2740456686366830","customs":{}}},"feature":true}}