{"title":"个人简历","uid":"1269f6284fcda69dd94df081174c6509","slug":"resume","date":"2023-05-09T23:18:05.000Z","updated":"2023-05-11T12:44:16.971Z","comments":true,"path":"api/articles/resume.json","keywords":null,"cover":"/img/resume.png","content":"<h1 id=\"欢迎使用在线-Vditor-Markdown-编辑器\"><a href=\"#欢迎使用在线-Vditor-Markdown-编辑器\" class=\"headerlink\" title=\"欢迎使用在线 Vditor Markdown 编辑器\"></a>欢迎使用在线 Vditor Markdown 编辑器</h1><p><a href=\"https://vditor.vercel.app/\">vditor</a> 是一款浏览器端的 Markdown 编辑器，支持所见即所得、即时渲染（类似 Typora）和分屏预览模式。它使用 TypeScript 实现，支持原生 JavaScript、Vue、React 和 Angular。您可以使用Vditor Markdown：</p>\n<blockquote><span class=\"custom-blockquote-svg\"><svg width=\"24\" height=\"24\" viewBox=\"0 0 24 24\" fill=\"\" xmlns=\"http://www.w3.org/2000/svg\" data-reactroot=\"\">\n<path fill=\"\" d=\"M22 12C22 6.5 17.5 2 12 2C6.5 2 2 6.5 2 12C2 17.5 6.5 22 12 22C13.8 22 15.5 21.5 17 20.6L22 22L20.7 17C21.5 15.5 22 13.8 22 12Z\" undefined=\"1\"></path>\n<path fill=\"\" d=\"M15.97 11.5H16.04C17.12 11.5 18 12.38 18 13.47V13.53C18 14.62 17.12 15.5 16.03 15.5H15.96C14.88 15.5 14 14.62 14 13.53V13.46C14 12.38 14.88 11.5 15.97 11.5Z\" undefined=\"1\"></path>\n<path fill=\"\" d=\"M7.97 11.5H8.04C9.12 11.5 10 12.38 10 13.47V13.53C10 14.62 9.12 15.5 8.03 15.5H7.97C6.88 15.5 6 14.62 6 13.53V13.46C6 12.38 6.88 11.5 7.97 11.5Z\" undefined=\"1\"></path>\n<path stroke-linejoin=\"round\" stroke-linecap=\"round\" stroke-miterlimit=\"10\" stroke-width=\"2\" stroke=\"\" d=\"M17 8.5C15.23 8.97 14.07 10.84 14.01 13.27C14 13.33 14 13.4 14 13.47V13.5\"></path>\n<path stroke-linejoin=\"round\" stroke-linecap=\"round\" stroke-miterlimit=\"10\" stroke-width=\"2\" stroke=\"\" d=\"M9 8.5C7.23 8.97 6.07 10.84 6.01 13.27C6 13.33 6 13.4 6 13.47V13.5\"></path>\n<path stroke-linejoin=\"round\" stroke-linecap=\"round\" stroke-miterlimit=\"10\" stroke-width=\"2\" stroke=\"\" d=\"M15.97 11.5H16.04C17.12 11.5 18 12.38 18 13.47V13.53C18 14.62 17.12 15.5 16.03 15.5H15.96C14.88 15.5 14 14.62 14 13.53V13.46C14 12.38 14.88 11.5 15.97 11.5Z\"></path>\n<path stroke-linejoin=\"round\" stroke-linecap=\"round\" stroke-miterlimit=\"10\" stroke-width=\"2\" stroke=\"\" d=\"M7.97 11.5H8.04C9.12 11.5 10 12.38 10 13.47V13.53C10 14.62 9.12 15.5 8.03 15.5H7.97C6.88 15.5 6 14.62 6 13.53V13.46C6 12.38 6.88 11.5 7.97 11.5Z\"></path>\n</svg>\n</span><ul>\n<li>整理知识，学习笔记</li>\n<li>发布日记，杂文，所见所想</li>\n<li>撰写发布技术文稿（代码支持）</li>\n<li>撰写发布学术论文（LaTeX 公式支持）</li>\n</ul></blockquote>\n<h2 id=\"如何使用\"><a href=\"#如何使用\" class=\"headerlink\" title=\"如何使用\"></a>如何使用</h2><p><strong>微注</strong>：清空目前这份默认文档，即处于可使用态。<a href=\"https://vditor.vercel.app/\">vditor</a> 另一大优点在于：编辑内容只会在您本地进行保存，不会上传您的数据至服务器，<strong>绝不窥测用户个人隐私，可放心使用</strong>；Github 源码：<a href=\"https://github.com/nicejade/markdown-online-editor\">markdown-online-editor</a>，部分功能仍在开发🚧，敬请期待。</p>\n<p>默认为<a href=\"https://hacpai.com/article/1577370404903?utm_source=github.com\">所见即所得</a>模式，可通过 <code>⌘-⇧-M</code>（<code>Ctrl-⇧-M</code>）进行切换；或通过以下方式：</p>\n<ul>\n<li>所见即所得：<code>⌘-⌥-7</code>（<code>Ctrl-alt-7</code>）；</li>\n<li>即时渲染：<code>⌘-⌥-8</code>（<code>Ctrl-alt-8</code>）；</li>\n<li>分屏渲染：<code>⌘-⌥-9</code>（<code>Ctrl-alt-9</code>）；</li>\n</ul>\n<h3 id=\"PPT-预览\"><a href=\"#PPT-预览\" class=\"headerlink\" title=\"PPT 预览\"></a>PPT 预览</h3><p>如果您用作 <code>PPT</code> 预览（入口在 <code>设置</code>中），需要注意，这里暂还不能支持各种图表的渲染；您可以使用 <code>---</code> 来定义水平方向上幻灯片，用 <code>--</code> 来定义垂直幻灯片；更多设定可以参见 <a href=\"https://github.com/hakimel/reveal.js#table-of-contents\">RevealJs 文档</a>。</p>\n<hr>\n<h2 id=\"什么是-Markdown\"><a href=\"#什么是-Markdown\" class=\"headerlink\" title=\"什么是 Markdown\"></a>什么是 Markdown</h2><p><a href=\"https://nicelinks.site/tags/Markdown/?utm_source=markdown.lovejade.cn\">Markdown</a> 是一种方便记忆、书写的纯文本标记语言，用户可以使用这些标记符号，以最小的输入代价，生成极富表现力的文档：譬如您正在阅读的这份文档。它使用简单的符号标记不同的标题，分割不同的段落，<strong>粗体</strong>、<em>斜体</em> 或者<a href=\"https://vue-cli3.lovejade.cn/explore/\">超文本链接</a>，更棒的是，它还可以：</p>\n<hr>\n<h3 id=\"1-制作待办事宜-Todo-列表\"><a href=\"#1-制作待办事宜-Todo-列表\" class=\"headerlink\" title=\"1. 制作待办事宜 Todo 列表\"></a>1. 制作待办事宜 <code>Todo</code> 列表</h3><ul>\n<li><input checked=\"\" disabled=\"\" type=\"checkbox\"> 🎉 通常<code>Markdown</code> 解析器自带的基本功能；</li>\n<li><input checked=\"\" disabled=\"\" type=\"checkbox\"> 🍀 支持<strong>流程图</strong>、<strong>甘特图</strong>、<strong>时序图</strong>、<strong>任务列表</strong>；</li>\n<li><input checked=\"\" disabled=\"\" type=\"checkbox\"> 🏁 支持粘贴 HTML 自动转换为 Markdown；</li>\n<li><input checked=\"\" disabled=\"\" type=\"checkbox\"> 💃🏻 支持插入原生 Emoji、设置常用表情列表；</li>\n<li><input checked=\"\" disabled=\"\" type=\"checkbox\"> 🚑 支持编辑内容保存<strong>本地存储</strong>，防止意外丢失；</li>\n<li><input checked=\"\" disabled=\"\" type=\"checkbox\"> 📝 支持<strong>实时预览</strong>，主窗口大小拖拽，字符计数；</li>\n<li><input checked=\"\" disabled=\"\" type=\"checkbox\"> 🛠 支持常用快捷键(<strong>Tab</strong>)，及代码块添加复制</li>\n<li><input checked=\"\" disabled=\"\" type=\"checkbox\"> ✨ 支持<strong>导出</strong>携带样式的 PDF、PNG、JPEG 等；</li>\n<li><input checked=\"\" disabled=\"\" type=\"checkbox\"> ✨ 升级 Vditor，新增对<code>echarts</code> 图表的支持；</li>\n<li><input checked=\"\" disabled=\"\" type=\"checkbox\"> 👏 支持检查并格式化 Markdown 语法，使其专业；</li>\n<li><input checked=\"\" disabled=\"\" type=\"checkbox\"> 🦑 支持五线谱、及<a href=\"https://github.com/b3log/vditor/issues/117?utm_source=hacpai.com#issuecomment-526986052\">部分站点、视频、音频解析</a>；</li>\n<li><input checked=\"\" disabled=\"\" type=\"checkbox\"> 🌟 增加对<strong>所见即所得</strong>编辑模式的支持(<code>⌘-⇧-M</code>)；</li>\n</ul>\n<hr>\n<h3 id=\"2-书写一个质能守恒公式-LaTeX\"><a href=\"#2-书写一个质能守恒公式-LaTeX\" class=\"headerlink\" title=\"2. 书写一个质能守恒公式[^LaTeX]\"></a>2. 书写一个质能守恒公式[^LaTeX]</h3><p>$$<br>E&#x3D;mc^2<br>$$</p>\n<hr>\n<h3 id=\"3-高亮一段代码-code\"><a href=\"#3-高亮一段代码-code\" class=\"headerlink\" title=\"3. 高亮一段代码[^code]\"></a>3. 高亮一段代码[^code]</h3><pre class=\"line-numbers language-javascript\" data-language=\"javascript\"><code class=\"language-javascript\">&#x2F;&#x2F; 给页面里所有的 DOM 元素添加一个 1px 的描边（outline）;\n[].forEach.call($$(&quot;*&quot;),function(a)&#123;\n  a.style.outline&#x3D;&quot;1px solid #&quot;+(~~(Math.random()*(1&lt;&lt;24))).toString(16);\n&#125;)</code></pre>\n\n<h3 id=\"4-高效绘制流程图\"><a href=\"#4-高效绘制流程图\" class=\"headerlink\" title=\"4. 高效绘制流程图\"></a>4. 高效绘制<a href=\"https://github.com/knsv/mermaid#flowchart\">流程图</a></h3><pre class=\"line-numbers language-mermaid\" data-language=\"mermaid\"><code class=\"language-mermaid\">graph TD;\n  A--&gt;B;\n  A--&gt;C;\n  B--&gt;D;\n  C--&gt;D;</code></pre>\n\n<h3 id=\"5-高效绘制序列图\"><a href=\"#5-高效绘制序列图\" class=\"headerlink\" title=\"5. 高效绘制序列图\"></a>5. 高效绘制<a href=\"https://github.com/knsv/mermaid#sequence-diagram\">序列图</a></h3><pre class=\"line-numbers language-mermaid\" data-language=\"mermaid\"><code class=\"language-mermaid\">sequenceDiagram\n  participant Alice\n  participant Bob\n  Alice-&gt;John: Hello John, how are you?\n  loop Healthcheck\n      John-&gt;John: Fight against hypochondria\n  end\n  Note right of John: Rational thoughts &lt;br&#x2F;&gt;prevail...\n  John--&gt;Alice: Great!\n  John-&gt;Bob: How about you?\n  Bob--&gt;John: Jolly good!</code></pre>\n\n<h3 id=\"6-高效绘制甘特图\"><a href=\"#6-高效绘制甘特图\" class=\"headerlink\" title=\"6. 高效绘制甘特图\"></a>6. 高效绘制<a href=\"https://github.com/knsv/mermaid#gantt-diagram\">甘特图</a></h3><blockquote><span class=\"custom-blockquote-svg\"><svg width=\"24\" height=\"24\" viewBox=\"0 0 24 24\" fill=\"\" xmlns=\"http://www.w3.org/2000/svg\" data-reactroot=\"\">\n<path fill=\"\" d=\"M22 12C22 6.5 17.5 2 12 2C6.5 2 2 6.5 2 12C2 17.5 6.5 22 12 22C13.8 22 15.5 21.5 17 20.6L22 22L20.7 17C21.5 15.5 22 13.8 22 12Z\" undefined=\"1\"></path>\n<path fill=\"\" d=\"M15.97 11.5H16.04C17.12 11.5 18 12.38 18 13.47V13.53C18 14.62 17.12 15.5 16.03 15.5H15.96C14.88 15.5 14 14.62 14 13.53V13.46C14 12.38 14.88 11.5 15.97 11.5Z\" undefined=\"1\"></path>\n<path fill=\"\" d=\"M7.97 11.5H8.04C9.12 11.5 10 12.38 10 13.47V13.53C10 14.62 9.12 15.5 8.03 15.5H7.97C6.88 15.5 6 14.62 6 13.53V13.46C6 12.38 6.88 11.5 7.97 11.5Z\" undefined=\"1\"></path>\n<path stroke-linejoin=\"round\" stroke-linecap=\"round\" stroke-miterlimit=\"10\" stroke-width=\"2\" stroke=\"\" d=\"M17 8.5C15.23 8.97 14.07 10.84 14.01 13.27C14 13.33 14 13.4 14 13.47V13.5\"></path>\n<path stroke-linejoin=\"round\" stroke-linecap=\"round\" stroke-miterlimit=\"10\" stroke-width=\"2\" stroke=\"\" d=\"M9 8.5C7.23 8.97 6.07 10.84 6.01 13.27C6 13.33 6 13.4 6 13.47V13.5\"></path>\n<path stroke-linejoin=\"round\" stroke-linecap=\"round\" stroke-miterlimit=\"10\" stroke-width=\"2\" stroke=\"\" d=\"M15.97 11.5H16.04C17.12 11.5 18 12.38 18 13.47V13.53C18 14.62 17.12 15.5 16.03 15.5H15.96C14.88 15.5 14 14.62 14 13.53V13.46C14 12.38 14.88 11.5 15.97 11.5Z\"></path>\n<path stroke-linejoin=\"round\" stroke-linecap=\"round\" stroke-miterlimit=\"10\" stroke-width=\"2\" stroke=\"\" d=\"M7.97 11.5H8.04C9.12 11.5 10 12.38 10 13.47V13.53C10 14.62 9.12 15.5 8.03 15.5H7.97C6.88 15.5 6 14.62 6 13.53V13.46C6 12.38 6.88 11.5 7.97 11.5Z\"></path>\n</svg>\n</span><p><strong>甘特图</strong>内在思想简单。基本是一条线条图，横轴表示时间，纵轴表示活动（项目），线条表示在整个期间上计划和实际的活动完成情况。它直观地表明任务计划在什么时候进行，及实际进展与计划要求的对比。</p></blockquote>\n<pre class=\"line-numbers language-mermaid\" data-language=\"mermaid\"><code class=\"language-mermaid\">gantt\n  title 项目开发流程\n  section 项目确定\n    需求分析       :a1, 2019-06-22, 3d\n    可行性报告     :after a1, 5d\n    概念验证       : 5d\n  section 项目实施\n    概要设计      :2019-07-05  , 5d\n    详细设计      :2019-07-08, 10d\n    编码          :2019-07-15, 10d\n    测试          :2019-07-22, 5d\n  section 发布验收\n    发布: 2d\n    验收: 3d</code></pre>\n\n<h3 id=\"7-支持图表\"><a href=\"#7-支持图表\" class=\"headerlink\" title=\"7. 支持图表\"></a>7. 支持图表</h3><pre class=\"line-numbers language-echarts\" data-language=\"echarts\"><code class=\"language-echarts\">&#123;\n  &quot;backgroundColor&quot;: &quot;#212121&quot;,\n  &quot;title&quot;: &#123;\n    &quot;text&quot;: &quot;「云生博客」访问来源&quot;,\n    &quot;subtext&quot;: &quot;2020 年 6 月份&quot;,\n    &quot;x&quot;: &quot;center&quot;,\n    &quot;textStyle&quot;: &#123;\n      &quot;color&quot;: &quot;#f2f2f2&quot;\n    &#125;\n  &#125;,\n  &quot;tooltip&quot;: &#123;\n    &quot;trigger&quot;: &quot;item&quot;,\n    &quot;formatter&quot;: &quot;&#123;a&#125; &lt;br&#x2F;&gt;&#123;b&#125; : &#123;c&#125; (&#123;d&#125;%)&quot;\n  &#125;,\n  &quot;legend&quot;: &#123;\n    &quot;orient&quot;: &quot;vertical&quot;,\n    &quot;left&quot;: &quot;left&quot;,\n    &quot;data&quot;: [\n      &quot;搜索引擎&quot;,\n      &quot;直接访问&quot;,\n      &quot;推荐&quot;,\n      &quot;其他&quot;,\n      &quot;社交平台&quot;\n    ],\n    &quot;textStyle&quot;: &#123;\n      &quot;color&quot;: &quot;#f2f2f2&quot;\n    &#125;\n  &#125;,\n  &quot;series&quot;: [\n    &#123;\n      &quot;name&quot;: &quot;访问来源&quot;,\n      &quot;type&quot;: &quot;pie&quot;,\n      &quot;radius&quot;: &quot;55%&quot;,\n      &quot;center&quot;: [\n        &quot;50%&quot;,\n        &quot;60%&quot;\n      ],\n      &quot;data&quot;: [\n        &#123;\n          &quot;value&quot;: 10440,\n          &quot;name&quot;: &quot;搜索引擎&quot;,\n          &quot;itemStyle&quot;: &#123;\n            &quot;color&quot;: &quot;#ef4136&quot;\n          &#125;\n        &#125;,\n        &#123;\n          &quot;value&quot;: 4770,\n          &quot;name&quot;: &quot;直接访问&quot;\n        &#125;,\n        &#123;\n          &quot;value&quot;: 2430,\n          &quot;name&quot;: &quot;推荐&quot;\n        &#125;,\n        &#123;\n          &quot;value&quot;: 342,\n          &quot;name&quot;: &quot;其他&quot;\n        &#125;,\n        &#123;\n          &quot;value&quot;: 18,\n          &quot;name&quot;: &quot;社交平台&quot;\n        &#125;\n      ],\n      &quot;itemStyle&quot;: &#123;\n        &quot;emphasis&quot;: &#123;\n          &quot;shadowBlur&quot;: 10,\n          &quot;shadowOffsetX&quot;: 0,\n          &quot;shadowColor&quot;: &quot;rgba(0, 0, 0, 0.5)&quot;\n        &#125;\n      &#125;\n    &#125;\n  ]\n&#125;</code></pre>\n\n<blockquote><span class=\"custom-blockquote-svg\"><svg width=\"24\" height=\"24\" viewBox=\"0 0 24 24\" fill=\"\" xmlns=\"http://www.w3.org/2000/svg\" data-reactroot=\"\">\n<path fill=\"\" d=\"M22 12C22 6.5 17.5 2 12 2C6.5 2 2 6.5 2 12C2 17.5 6.5 22 12 22C13.8 22 15.5 21.5 17 20.6L22 22L20.7 17C21.5 15.5 22 13.8 22 12Z\" undefined=\"1\"></path>\n<path fill=\"\" d=\"M15.97 11.5H16.04C17.12 11.5 18 12.38 18 13.47V13.53C18 14.62 17.12 15.5 16.03 15.5H15.96C14.88 15.5 14 14.62 14 13.53V13.46C14 12.38 14.88 11.5 15.97 11.5Z\" undefined=\"1\"></path>\n<path fill=\"\" d=\"M7.97 11.5H8.04C9.12 11.5 10 12.38 10 13.47V13.53C10 14.62 9.12 15.5 8.03 15.5H7.97C6.88 15.5 6 14.62 6 13.53V13.46C6 12.38 6.88 11.5 7.97 11.5Z\" undefined=\"1\"></path>\n<path stroke-linejoin=\"round\" stroke-linecap=\"round\" stroke-miterlimit=\"10\" stroke-width=\"2\" stroke=\"\" d=\"M17 8.5C15.23 8.97 14.07 10.84 14.01 13.27C14 13.33 14 13.4 14 13.47V13.5\"></path>\n<path stroke-linejoin=\"round\" stroke-linecap=\"round\" stroke-miterlimit=\"10\" stroke-width=\"2\" stroke=\"\" d=\"M9 8.5C7.23 8.97 6.07 10.84 6.01 13.27C6 13.33 6 13.4 6 13.47V13.5\"></path>\n<path stroke-linejoin=\"round\" stroke-linecap=\"round\" stroke-miterlimit=\"10\" stroke-width=\"2\" stroke=\"\" d=\"M15.97 11.5H16.04C17.12 11.5 18 12.38 18 13.47V13.53C18 14.62 17.12 15.5 16.03 15.5H15.96C14.88 15.5 14 14.62 14 13.53V13.46C14 12.38 14.88 11.5 15.97 11.5Z\"></path>\n<path stroke-linejoin=\"round\" stroke-linecap=\"round\" stroke-miterlimit=\"10\" stroke-width=\"2\" stroke=\"\" d=\"M7.97 11.5H8.04C9.12 11.5 10 12.38 10 13.47V13.53C10 14.62 9.12 15.5 8.03 15.5H7.97C6.88 15.5 6 14.62 6 13.53V13.46C6 12.38 6.88 11.5 7.97 11.5Z\"></path>\n</svg>\n</span><p><strong>备注</strong>：上述 echarts 图表📈，其数据，须使用严格的 <strong>JSON</strong> 格式；您可使用 JSON.stringify(data)，将对象传换从而得标准数据，即可正常使用。</p></blockquote>\n<h3 id=\"8-绘制表格\"><a href=\"#8-绘制表格\" class=\"headerlink\" title=\"8. 绘制表格\"></a>8. 绘制表格</h3><table>\n<thead>\n<tr>\n<th align=\"left\">作品名称</th>\n<th align=\"left\">在线地址</th>\n<th align=\"center\">上线日期</th>\n</tr>\n</thead>\n<tbody><tr>\n<td align=\"left\">云生博客</td>\n<td align=\"left\"><a href=\"https://www.qikaile.tk/\">https://www.qikaile.tk</a></td>\n<td align=\"center\">2020-03-14</td>\n</tr>\n<tr>\n<td align=\"left\">网站监控</td>\n<td align=\"left\"><a href=\"https://tjys.now.sh/\">https://tjys.now.sh</a></td>\n<td align=\"center\">2020-05-16</td>\n</tr>\n<tr>\n<td align=\"left\">云生网盘</td>\n<td align=\"left\"><a href=\"https://tjys.cf/\">https://tjys.cf</a></td>\n<td align=\"center\">2021-05-16</td>\n</tr>\n</tbody></table>\n<h3 id=\"9-更详细语法说明\"><a href=\"#9-更详细语法说明\" class=\"headerlink\" title=\"9. 更详细语法说明\"></a>9. 更详细语法说明</h3><p>想要查看更详细的语法说明，可以参考这份 <a href=\"https://github.com/nicejade/nice-front-end-tutorial/blob/master/tutorial/markdown-tutorial.md\">Markdown 资源列表</a>，涵盖入门至进阶教程，以及资源、平台等信息，能让您对她有更深的认知。</p>\n<p>总而言之，不同于其它<em>所见即所得</em>的编辑器：你只需使用键盘专注于书写文本内容，就可以生成印刷级的排版格式，省却在键盘和工具栏之间来回切换，调整内容和格式的麻烦。<strong>Markdown 在流畅的书写和印刷级的阅读体验之间找到了平衡。</strong> 目前它已经成为世界上最大的技术分享网站 <code>GitHub</code> 和 技术问答网站 <code>StackOverFlow</code> 的御用书写格式，而且越发流行，正在在向各行业渗透。</p>\n<p>最新更新于 2019.08.21</p>\n","feature":true,"text":"欢迎使用在线 Vditor Markdown 编辑器vditor 是一款浏览器端的 Markdown 编辑器，支持所见即所得、即时渲染（类似 Typora）和分屏预览模式。它使用 TypeScript 实现，支持原生 JavaScript、Vue、React 和 Angular。...","link":"","photos":[],"count_time":{"symbolsCount":"4.8k","symbolsTime":"4 mins."},"categories":[{"name":"简历","slug":"简历","count":1,"path":"api/categories/简历.json"}],"tags":[{"name":"resume","slug":"resume","count":1,"path":"api/tags/resume.json"}],"toc":"<ol class=\"toc\"><li class=\"toc-item toc-level-1\"><a class=\"toc-link\" href=\"#%E6%AC%A2%E8%BF%8E%E4%BD%BF%E7%94%A8%E5%9C%A8%E7%BA%BF-Vditor-Markdown-%E7%BC%96%E8%BE%91%E5%99%A8\"><span class=\"toc-text\">欢迎使用在线 Vditor Markdown 编辑器</span></a><ol class=\"toc-child\"><li class=\"toc-item toc-level-2\"><a class=\"toc-link\" href=\"#%E5%A6%82%E4%BD%95%E4%BD%BF%E7%94%A8\"><span class=\"toc-text\">如何使用</span></a><ol class=\"toc-child\"><li class=\"toc-item toc-level-3\"><a class=\"toc-link\" href=\"#PPT-%E9%A2%84%E8%A7%88\"><span class=\"toc-text\">PPT 预览</span></a></li></ol></li><li class=\"toc-item toc-level-2\"><a class=\"toc-link\" href=\"#%E4%BB%80%E4%B9%88%E6%98%AF-Markdown\"><span class=\"toc-text\">什么是 Markdown</span></a><ol class=\"toc-child\"><li class=\"toc-item toc-level-3\"><a class=\"toc-link\" href=\"#1-%E5%88%B6%E4%BD%9C%E5%BE%85%E5%8A%9E%E4%BA%8B%E5%AE%9C-Todo-%E5%88%97%E8%A1%A8\"><span class=\"toc-text\">1. 制作待办事宜 Todo 列表</span></a></li><li class=\"toc-item toc-level-3\"><a class=\"toc-link\" href=\"#2-%E4%B9%A6%E5%86%99%E4%B8%80%E4%B8%AA%E8%B4%A8%E8%83%BD%E5%AE%88%E6%81%92%E5%85%AC%E5%BC%8F-LaTeX\"><span class=\"toc-text\">2. 书写一个质能守恒公式[^LaTeX]</span></a></li><li class=\"toc-item toc-level-3\"><a class=\"toc-link\" href=\"#3-%E9%AB%98%E4%BA%AE%E4%B8%80%E6%AE%B5%E4%BB%A3%E7%A0%81-code\"><span class=\"toc-text\">3. 高亮一段代码[^code]</span></a></li><li class=\"toc-item toc-level-3\"><a class=\"toc-link\" href=\"#4-%E9%AB%98%E6%95%88%E7%BB%98%E5%88%B6%E6%B5%81%E7%A8%8B%E5%9B%BE\"><span class=\"toc-text\">4. 高效绘制流程图</span></a></li><li class=\"toc-item toc-level-3\"><a class=\"toc-link\" href=\"#5-%E9%AB%98%E6%95%88%E7%BB%98%E5%88%B6%E5%BA%8F%E5%88%97%E5%9B%BE\"><span class=\"toc-text\">5. 高效绘制序列图</span></a></li><li class=\"toc-item toc-level-3\"><a class=\"toc-link\" href=\"#6-%E9%AB%98%E6%95%88%E7%BB%98%E5%88%B6%E7%94%98%E7%89%B9%E5%9B%BE\"><span class=\"toc-text\">6. 高效绘制甘特图</span></a></li><li class=\"toc-item toc-level-3\"><a class=\"toc-link\" href=\"#7-%E6%94%AF%E6%8C%81%E5%9B%BE%E8%A1%A8\"><span class=\"toc-text\">7. 支持图表</span></a></li><li class=\"toc-item toc-level-3\"><a class=\"toc-link\" href=\"#8-%E7%BB%98%E5%88%B6%E8%A1%A8%E6%A0%BC\"><span class=\"toc-text\">8. 绘制表格</span></a></li><li class=\"toc-item toc-level-3\"><a class=\"toc-link\" href=\"#9-%E6%9B%B4%E8%AF%A6%E7%BB%86%E8%AF%AD%E6%B3%95%E8%AF%B4%E6%98%8E\"><span class=\"toc-text\">9. 更详细语法说明</span></a></li></ol></li></ol></li></ol>","author":{"name":"倪传方","slug":"blog-author","avatar":"/img/site/avatar.jpg","link":"/","description":"一位正在重塑知识的技术人 <br /> @ <b>微信：ncf08209270</b>","socials":{"github":"https://github.com/nichuanfang","twitter":"https://twitter.com/jayzhouzj","stackoverflow":"https://stackoverflow.com/users/12083298/jaychou","wechat":"","qq":"","weibo":"","zhihu":"https://www.zhihu.com/people/ba-dao-yi-shan-zhu","csdn":"https://blog.csdn.net/Saphroth","juejin":"https://juejin.cn/user/2740456686366830","customs":{}}},"mapped":true,"prev_post":{"title":"Hello World","uid":"b9663f58f18133b35bfe243f3e916a80","slug":"hello-world","date":"2023-05-11T00:19:00.000Z","updated":"2023-05-11T12:44:16.971Z","comments":true,"path":"api/articles/hello-world.json","keywords":null,"cover":"/img/hello-world/hello-world.jpg","text":" Welcome to Hexo! This is your very first post. Check documentation for more info. If you get any problems when using Hexo, you can find the...","link":"","photos":[],"count_time":{"symbolsCount":"1.7k","symbolsTime":"2 mins."},"categories":[{"name":"文章模板","slug":"文章模板","count":1,"path":"api/categories/文章模板.json"}],"tags":[{"name":"template","slug":"template","count":1,"path":"api/tags/template.json"}],"author":{"name":"倪传方","slug":"blog-author","avatar":"/img/site/avatar.jpg","link":"/","description":"一位正在重塑知识的技术人 <br /> @ <b>微信：ncf08209270</b>","socials":{"github":"https://github.com/nichuanfang","twitter":"https://twitter.com/jayzhouzj","stackoverflow":"https://stackoverflow.com/users/12083298/jaychou","wechat":"","qq":"","weibo":"","zhihu":"https://www.zhihu.com/people/ba-dao-yi-shan-zhu","csdn":"https://blog.csdn.net/Saphroth","juejin":"https://juejin.cn/user/2740456686366830","customs":{}}},"feature":true},"next_post":{}}