[{"title":"Hello World","uid":"b9663f58f18133b35bfe243f3e916a80","slug":"hello-world","date":"2023-05-11T00:19:00.000Z","updated":"2023-05-11T12:44:16.971Z","comments":true,"path":"api/articles/hello-world.json","cover":"/img/hello-world/hello-world.jpg","text":" Welcome to Hexo! This is your very first post. Check documentation for more info. If you get any problems when using Hexo, you can find the...","link":"","photos":[],"count_time":{"symbolsCount":"1.7k","symbolsTime":"2 mins."},"categories":[{"name":"文章模板","slug":"文章模板","count":1,"path":"api/categories/文章模板.json"}],"tags":[{"name":"template","slug":"template","count":1,"path":"api/tags/template.json"}],"author":{"name":"倪传方","slug":"blog-author","avatar":"/img/site/avatar.jpg","link":"/","description":"一位正在重塑知识的技术人 <br /> @ <b>微信：ncf08209270</b>","socials":{"github":"https://github.com/nichuanfang","twitter":"https://twitter.com/jayzhouzj","stackoverflow":"https://stackoverflow.com/users/12083298/jaychou","wechat":"","qq":"","weibo":"","zhihu":"https://www.zhihu.com/people/ba-dao-yi-shan-zhu","csdn":"https://blog.csdn.net/Saphroth","juejin":"https://juejin.cn/user/2740456686366830","customs":{}}},"feature":true},{"title":"个人简历","uid":"1269f6284fcda69dd94df081174c6509","slug":"resume","date":"2023-05-09T23:18:05.000Z","updated":"2023-05-11T12:44:16.971Z","comments":true,"path":"api/articles/resume.json","cover":"/img/resume.png","text":"欢迎使用在线 Vditor Markdown 编辑器vditor 是一款浏览器端的 Markdown 编辑器，支持所见即所得、即时渲染（类似 Typora）和分屏预览模式。它使用 TypeScript 实现，支持原生 JavaScript、Vue、React 和 Angular。...","link":"","photos":[],"count_time":{"symbolsCount":"4.8k","symbolsTime":"4 mins."},"categories":[{"name":"简历","slug":"简历","count":1,"path":"api/categories/简历.json"}],"tags":[{"name":"resume","slug":"resume","count":1,"path":"api/tags/resume.json"}],"author":{"name":"倪传方","slug":"blog-author","avatar":"/img/site/avatar.jpg","link":"/","description":"一位正在重塑知识的技术人 <br /> @ <b>微信：ncf08209270</b>","socials":{"github":"https://github.com/nichuanfang","twitter":"https://twitter.com/jayzhouzj","stackoverflow":"https://stackoverflow.com/users/12083298/jaychou","wechat":"","qq":"","weibo":"","zhihu":"https://www.zhihu.com/people/ba-dao-yi-shan-zhu","csdn":"https://blog.csdn.net/Saphroth","juejin":"https://juejin.cn/user/2740456686366830","customs":{}}},"feature":true},{"title":"可重入锁ReentrantLock高级特性","uid":"2e5004b8a8ff49317aa7f3e9b71f74cf","slug":"reentrant-lock","date":"2023-05-07T23:05:39.000Z","updated":"2023-05-11T12:44:16.971Z","comments":true,"path":"api/articles/reentrant-lock.json","cover":"/img/reentrant-lock/reentrant-lock.jpg","text":"ReentrantLock提供了Synchronized不具备的三个高级特性 公平锁 &#x2F;** * Creates an instance of &#123;@code ReentrantLock&#125;. * This is equivalent to using ...","link":"","photos":[],"count_time":{"symbolsCount":"3.7k","symbolsTime":"3 mins."},"categories":[{"name":"可重入锁","slug":"可重入锁","count":1,"path":"api/categories/可重入锁.json"}],"tags":[{"name":"ReentrantLock","slug":"ReentrantLock","count":1,"path":"api/tags/ReentrantLock.json"}],"author":{"name":"倪传方","slug":"blog-author","avatar":"/img/site/avatar.jpg","link":"/","description":"一位正在重塑知识的技术人 <br /> @ <b>微信：ncf08209270</b>","socials":{"github":"https://github.com/nichuanfang","twitter":"https://twitter.com/jayzhouzj","stackoverflow":"https://stackoverflow.com/users/12083298/jaychou","wechat":"","qq":"","weibo":"","zhihu":"https://www.zhihu.com/people/ba-dao-yi-shan-zhu","csdn":"https://blog.csdn.net/Saphroth","juejin":"https://juejin.cn/user/2740456686366830","customs":{}}},"feature":true}]